Time(s),Accel_X,Accel_Y,Accel_Z,Gyro_X,Gyro_Y,Gyro_Z
0.00,3.2800000000000002,5.66,-6.92,0.0,0.0,-0.003272492347489368
1.01,3.2800000000000002,5.66,-6.95,-0.004363323129985824,0.001090830782496456,0.003272492347489368
2.01,3.34,5.83,-7.1000000000000005,-0.002181661564992912,-0.003272492347489368,0.002181661564992912
3.02,3.35,5.82,-7.12,0.001090830782496456,-0.002181661564992912,0.002181661564992912
4.03,3.37,5.8100000000000005,-7.11,0.002181661564992912,-0.002181661564992912,0.003272492347489368
5.03,3.35,5.8500000000000005,-7.1000000000000005,0.0,0.0,0.002181661564992912
